Point.Forecast,Lo.80,Hi.80,Lo.95,Hi.95
10104744.791097451,8862522.548418036,11346967.033776866,8204929.815325027,12004559.766869875
